[
    {
        "id":"1",
        "img":"https://pisces.bbystatic.com/image2/BestBuy_US/images/products/6470/6470273_sd.jpg;maxHeight=150;maxWidth=225",
        "title":"TCL - 55 Class 6-Series Mini-LED QLED 4K UHD Smart Google TV",
        "des":"TCL's 6-Series combines stunning 4K HDR and Mini-LED technology in a bold, brushed metal design for a superior TV experience. Quantum Dot technology and the HDR Pro Pack with Dolby Vision combine for greater brightness and contrast, as well as a full palette of rich colors.",
        "price":"₹140000"
        
    },
    {
        "id":"1",
        "img":"https://pisces.bbystatic.com/image2/BestBuy_US/images/products/6470/6470273_sd.jpg;maxHeight=150;maxWidth=225",
        "title":"TCL - 55 Class 6-Series Mini-LED QLED 4K UHD Smart Google TV",
        "des":"TCL's 6-Series combines stunning 4K HDR and Mini-LED technology in a bold, brushed metal design for a superior TV experience. Quantum Dot technology and the HDR Pro Pack with Dolby Vision combine for greater brightness and contrast, as well as a full palette of rich colors.",
        "price":"₹140000"
    },
    {
        "id":"1",
        "img":"https://pisces.bbystatic.com/image2/BestBuy_US/images/products/6470/6470273_sd.jpg;maxHeight=150;maxWidth=225",
        "title":"TCL - 55 Class 6-Series Mini-LED QLED 4K UHD Smart Google TV",
        "des":"TCL's 6-Series combines stunning 4K HDR and Mini-LED technology in a bold, brushed metal design for a superior TV experience. Quantum Dot technology and the HDR Pro Pack with Dolby Vision combine for greater brightness and contrast, as well as a full palette of rich colors.",
        "price":"₹140000"
    },
    {
        "id":"1",
        "img":"https://pisces.bbystatic.com/image2/BestBuy_US/images/products/6470/6470273_sd.jpg;maxHeight=150;maxWidth=225",
        "title":"TCL - 55 Class 6-Series Mini-LED QLED 4K UHD Smart Google TV",
        "des":"TCL's 6-Series combines stunning 4K HDR and Mini-LED technology in a bold, brushed metal design for a superior TV experience. Quantum Dot technology and the HDR Pro Pack with Dolby Vision combine for greater brightness and contrast, as well as a full palette of rich colors.",
        "price":"₹140000"
    }
]