[
    {
        "title":"Order & Purchases",
        "title1":"Check Order Status",
        "title2":"Shipping, Delivery & Pickup",
        "title3":"Returns & Exchanges",
        "title4":"Price Match Guarantee",
        "title5":"Product Recalls",
        "title6":"Trade-In Program"

    },
    {
        "title":"Support & Service",
        "title1":"Check Order Status",
        "title2":"Shipping, Delivery & Pickup",
        "title3":"Returns & Exchanges",
        "title4":"Price Match Guarantee",
        "title5":"Product Recalls",
        "title6":"Trade-In Program"

    },
    {
        "title":"Partners",
        "title1":"Check Order Status",
        "title2":"Shipping, Delivery & Pickup",
        "title3":"Returns & Exchanges",
        "title4":"Price Match Guarantee",
        "title5":"Product Recalls",
        "title6":"Trade-In Program"

    },
    {
        "title":"Payment Options",
        "title1":"Check Order Status",
        "title2":"Shipping, Delivery & Pickup",
        "title3":"Returns & Exchanges",
        "title4":"Price Match Guarantee",
        "title5":"Product Recalls",
        "title6":"Trade-In Program"

    },
    {
        "title":"Rewards & Membership",
        "title1":"Check Order Status",
        "title2":"Shipping, Delivery & Pickup",
        "title3":"Returns & Exchanges",
        "title4":"Price Match Guarantee",
        "title5":"Product Recalls",
        "title6":"Trade-In Program"

    },
    {
        "title":"About Best-Buy",
        "title1":"Check Order Status",
        "title2":"Shipping, Delivery & Pickup",
        "title3":"Returns & Exchanges",
        "title4":"Price Match Guarantee",
        "title5":"Product Recalls",
        "title6":"Trade-In Program"

    }
]