[
    {
        "img":"https://pisces.bbystatic.com/image2/BestBuy_US/images/products/6522/6522220_rd.jpg;maxHeight=400;maxWidth=400",
        "title":"Meta - Quest 2 Resident Evil 4 Bundle with Beat Saber - 128GB"
    },
    {
        "img":"https://pisces.bbystatic.com/image2/BestBuy_US/images/products/6522/6522220_rd.jpg;maxHeight=400;maxWidth=400",
        "title":"Meta - Quest 2 Resident Evil 4 Bundle with Beat Saber - 128GB"
    },
    {
        "img":"https://pisces.bbystatic.com/image2/BestBuy_US/images/products/6522/6522220_rd.jpg;maxHeight=400;maxWidth=400",
        "title":"Meta - Quest 2 Resident Evil 4 Bundle with Beat Saber - 128GB"
    },
    {
        "img":"https://pisces.bbystatic.com/image2/BestBuy_US/images/products/6522/6522220_rd.jpg;maxHeight=400;maxWidth=400",
        "title":"Meta - Quest 2 Resident Evil 4 Bundle with Beat Saber - 128GB"
    }
]