[
    {
        "id":"1",
        "img":"https://pisces.bbystatic.com/image2/BestBuy_US/images/products/6522/6522219_rd.jpg;maxHeight=640;maxWidth=550",
        "des":"Meta - Quest 2 Resident Evil 4 Bundle with Beat Saber - 256GB",
        "price":"₹40000",
        "title":"Laptops & Computers"

    },
    {
        "id":"2",
        "img":"https://pisces.bbystatic.com/image2/BestBuy_US/images/products/6487/6487386_sd.jpg;maxHeight=640;maxWidth=550",
        "des":"iPhone 14 Pro. Capture incredible detail with a 48MP Main camera. Experience iPhone in a whole new way with Dynamic Island and Always-On display",
        "price":"₹80000",
        "title":"iPhone 14 pro max"
    },
    {
        "id":"3",
        "img":"https://pisces.bbystatic.com/image2/BestBuy_US/images/products/6522/6522219_rd.jpg;maxHeight=640;maxWidth=550",
        "des":"Meta - Quest 2 Resident Evil 4 Bundle with Beat Saber - 256GB",
        "price":"₹40000",
        "title":"Laptops & Computers"

    },
    {
        "id":"4",
        "img":"https://pisces.bbystatic.com/image2/BestBuy_US/images/products/6522/6522219_rd.jpg;maxHeight=640;maxWidth=550",
        "des":"Meta - Quest 2 Resident Evil 4 Bundle with Beat Saber - 256GB",
        "price":"₹40000",
        "title":"Laptops & Computers"

    },
    {
        "id":"5",
        "img":"https://pisces.bbystatic.com/image2/BestBuy_US/images/products/6522/6522219_rd.jpg;maxHeight=640;maxWidth=550",
        "des":"Meta - Quest 2 Resident Evil 4 Bundle with Beat Saber - 256GB",
        "price":"₹40000",
        "title":"Laptops & Computers"

    },
    {
        "id":"6",
        "img":"https://pisces.bbystatic.com/image2/BestBuy_US/images/products/6487/6487386_sd.jpg;maxHeight=640;maxWidth=550",
        "des":"iPhone 14 Pro. Capture incredible detail with a 48MP Main camera. Experience iPhone in a whole new way with Dynamic Island and Always-On display",
        "price":"₹80000",
        "title":"iPhone 14 pro max"
    },
    {
        "id":"7",
        "img":"https://pisces.bbystatic.com/image2/BestBuy_US/images/products/6522/6522219_rd.jpg;maxHeight=640;maxWidth=550",
        "des":"Meta - Quest 2 Resident Evil 4 Bundle with Beat Saber - 256GB",
        "price":"₹40000",
        "title":"Laptops & Computers"

    },
    {
        "id":"8",
        "img":"https://pisces.bbystatic.com/image2/BestBuy_US/images/products/6522/6522219_rd.jpg;maxHeight=640;maxWidth=550",
        "des":"Meta - Quest 2 Resident Evil 4 Bundle with Beat Saber - 256GB",
        "price":"₹40000",
        "title":"Laptops & Computers"

    },
    {
        "id":"9",
        "img":"https://pisces.bbystatic.com/image2/BestBuy_US/images/products/6487/6487386_sd.jpg;maxHeight=640;maxWidth=550",
        "des":"iPhone 14 Pro. Capture incredible detail with a 48MP Main camera. Experience iPhone in a whole new way with Dynamic Island and Always-On display",
        "price":"₹80000",
        "title":"iPhone 14 pro max"
    },
    {
        "img":"https://pisces.bbystatic.com/image2/BestBuy_US/images/products/6522/6522219_rd.jpg;maxHeight=640;maxWidth=550",
        "des":"Meta - Quest 2 Resident Evil 4 Bundle with Beat Saber - 256GB",
        "price":"₹40000",
        "title":"Laptops & Computers"

    },
    {
        "id":"10",
        "img":"https://pisces.bbystatic.com/image2/BestBuy_US/images/products/6482/6482710_sd.jpg;maxHeight=272;maxWidth=400",
        "des":"Connect with interactive personal training in your home with the ProForm Sport 5.5 smart treadmill. ",
        "price":"₹20000",
        "title":"Laptops & Computers"

    },
    {
        "id":"11",
        "img":"https://pisces.bbystatic.com/image2/BestBuy_US/images/products/6522/6522219_rd.jpg;maxHeight=640;maxWidth=550",
        "des":"Meta - Quest 2 Resident Evil 4 Bundle with Beat Saber - 256GB",
        "price":"₹40000",
        "title":"Laptops & Computers"

    },
    {
        "id":"12",
        "img":"https://pisces.bbystatic.com/image2/BestBuy_US/images/products/6487/6487386_sd.jpg;maxHeight=640;maxWidth=550",
        "des":"iPhone 14 Pro. Capture incredible detail with a 48MP Main camera. Experience iPhone in a whole new way with Dynamic Island and Always-On display",
        "price":"₹80000",
        "title":"iPhone 14 pro max"
    },
    {
        "id":"13",
        "img":"https://pisces.bbystatic.com/image2/BestBuy_US/images/products/6522/6522219_rd.jpg;maxHeight=640;maxWidth=550",
        "des":"Meta - Quest 2 Resident Evil 4 Bundle with Beat Saber - 256GB",
        "price":"₹40000",
        "title":"Laptops & Computers"

    },
    {
        "id":"14",
        "img":"https://pisces.bbystatic.com/image2/BestBuy_US/images/products/6522/6522219_rd.jpg;maxHeight=640;maxWidth=550",
        "des":"Meta - Quest 2 Resident Evil 4 Bundle with Beat Saber - 256GB",
        "price":"₹40000",
        "title":"Laptops & Computers"

    },
    {
        "id":"15",
        "img":"https://pisces.bbystatic.com/image2/BestBuy_US/images/products/6487/6487386_sd.jpg;maxHeight=640;maxWidth=550",
        "des":"iPhone 14 Pro. Capture incredible detail with a 48MP Main camera. Experience iPhone in a whole new way with Dynamic Island and Always-On display",
        "price":"₹80000",
        "title":"iPhone 14 pro max"
    },
    {
        "id":"16",
        "img":"https://pisces.bbystatic.com/image2/BestBuy_US/images/products/6522/6522219_rd.jpg;maxHeight=640;maxWidth=550",
        "des":"Meta - Quest 2 Resident Evil 4 Bundle with Beat Saber - 256GB",
        "price":"₹40000",
        "title":"Laptops & Computers"

    },
    {
        "id":"17",
        "img":"https://pisces.bbystatic.com/image2/BestBuy_US/images/products/6522/6522219_rd.jpg;maxHeight=640;maxWidth=550",
        "des":"Meta - Quest 2 Resident Evil 4 Bundle with Beat Saber - 256GB",
        "price":"₹40000",
        "title":"Laptops & Computers"

    },
    {
        "id":"18",
        "img":"https://pisces.bbystatic.com/image2/BestBuy_US/images/products/6487/6487386_sd.jpg;maxHeight=640;maxWidth=550",
        "des":"iPhone 14 Pro. Capture incredible detail with a 48MP Main camera. Experience iPhone in a whole new way with Dynamic Island and Always-On display",
        "price":"₹80000",
        "title":"iPhone 14 pro max"
    },
    {
        "id":"19",
        "img":"https://pisces.bbystatic.com/image2/BestBuy_US/images/products/6522/6522219_rd.jpg;maxHeight=640;maxWidth=550",
        "des":"Meta - Quest 2 Resident Evil 4 Bundle with Beat Saber - 256GB",
        "price":"₹40000",
        "title":"Laptops & Computers"

    },
    {
        "id":"20",
        "img":"https://pisces.bbystatic.com/image2/BestBuy_US/images/products/6487/6487386_sd.jpg;maxHeight=640;maxWidth=550",
        "des":"iPhone 14 Pro. Capture incredible detail with a 48MP Main camera. Experience iPhone in a whole new way with Dynamic Island and Always-On display",
        "price":"₹80000",
        "title":"iPhone 14 pro max"
    },
    {
        "id":"21",
        "img":"https://pisces.bbystatic.com/image2/BestBuy_US/images/products/6522/6522219_rd.jpg;maxHeight=640;maxWidth=550",
        "des":"Meta - Quest 2 Resident Evil 4 Bundle with Beat Saber - 256GB",
        "price":"₹40000",
        "title":"Laptops & Computers"

    },
    {
        "id":"22",
        "img":"https://pisces.bbystatic.com/image2/BestBuy_US/images/products/6482/6482710_sd.jpg;maxHeight=272;maxWidth=400",
        "des":"Connect with interactive personal training in your home with the ProForm Sport 5.5 smart treadmill. ",
        "price":"₹20000",
        "title":"Laptops & Computers"

    },
    {
        "id":"23",
        "img":"https://pisces.bbystatic.com/image2/BestBuy_US/images/products/6522/6522219_rd.jpg;maxHeight=640;maxWidth=550",
        "des":"Meta - Quest 2 Resident Evil 4 Bundle with Beat Saber - 256GB",
        "price":"₹40000",
        "title":"Laptops & Computers"

    },
    {
        "id":"24",
        "img":"https://pisces.bbystatic.com/image2/BestBuy_US/images/products/6522/6522219_rd.jpg;maxHeight=640;maxWidth=550",
        "des":"Meta - Quest 2 Resident Evil 4 Bundle with Beat Saber - 256GB",
        "price":"₹40000",
        "title":"Laptops & Computers"

    },
    {
        "id":"26",
        "img":"https://pisces.bbystatic.com/image2/BestBuy_US/images/products/6487/6487386_sd.jpg;maxHeight=640;maxWidth=550",
        "des":"iPhone 14 Pro. Capture incredible detail with a 48MP Main camera. Experience iPhone in a whole new way with Dynamic Island and Always-On display",
        "price":"₹80000",
        "title":"iPhone 14 pro max"
    },
    {
        "id":"27",
        "img":"https://pisces.bbystatic.com/image2/BestBuy_US/images/products/6522/6522219_rd.jpg;maxHeight=640;maxWidth=550",
        "des":"Meta - Quest 2 Resident Evil 4 Bundle with Beat Saber - 256GB",
        "price":"₹40000",
        "title":"Laptops & Computers"

    },
    {
        "id":"28",
        "img":"https://pisces.bbystatic.com/image2/BestBuy_US/images/products/6522/6522219_rd.jpg;maxHeight=640;maxWidth=550",
        "des":"Meta - Quest 2 Resident Evil 4 Bundle with Beat Saber - 256GB",
        "price":"₹40000",
        "title":"Laptops & Computers"

    },
    {
        "id":"29",
        "img":"https://pisces.bbystatic.com/image2/BestBuy_US/images/products/6522/6522219_rd.jpg;maxHeight=640;maxWidth=550",
        "des":"Meta - Quest 2 Resident Evil 4 Bundle with Beat Saber - 256GB",
        "price":"₹40000",
        "title":"Laptops & Computers"

    },
    {
        "id":"30",
        "img":"https://pisces.bbystatic.com/image2/BestBuy_US/images/products/6522/6522219_rd.jpg;maxHeight=640;maxWidth=550",
        "des":"Meta - Quest 2 Resident Evil 4 Bundle with Beat Saber - 256GB",
        "price":"₹40000",
        "title":"Laptops & Computers"

    },
    {
        "id":"31",
        "img":"https://pisces.bbystatic.com/image2/BestBuy_US/images/products/6522/6522219_rd.jpg;maxHeight=640;maxWidth=550",
        "des":"Meta - Quest 2 Resident Evil 4 Bundle with Beat Saber - 256GB",
        "price":"₹40000",
        "title":"Laptops & Computers"

    },
    {
        "id":"32",
        "img":"https://pisces.bbystatic.com/image2/BestBuy_US/images/products/6482/6482710_sd.jpg;maxHeight=272;maxWidth=400",
        "des":"Connect with interactive personal training in your home with the ProForm Sport 5.5 smart treadmill. ",
        "price":"₹20000",
        "title":"Laptops & Computers"

    },
    {
        "id":"33",
        "img":"https://pisces.bbystatic.com/image2/BestBuy_US/images/products/6487/6487386_sd.jpg;maxHeight=640;maxWidth=550",
        "des":"iPhone 14 Pro. Capture incredible detail with a 48MP Main camera. Experience iPhone in a whole new way with Dynamic Island and Always-On display",
        "price":"₹80000",
        "title":"iPhone 14 pro max"
    }
]